,Rk,Squad,MP,W,D,L,GF,GA,GD,Pts,Pts/MP,xG,xGA,xGD,xGD/90,Attendance,Top Team Scorer,Goalkeeper,Notes
0,1,Paris S-G,38,29,6,3,108,29,79,93,2.45,86.1,34.3,51.7,1.36,46930,Edinson Cavani - 28,Alphonse Areola,→ Champions League via league finish
1,2,Monaco,38,24,8,6,85,45,40,80,2.11,62.3,48.5,13.8,0.36,9243,Radamel Falcao - 18,Danijel Subašić,→ Champions League via league finish
2,3,Lyon,38,23,9,6,87,43,44,78,2.05,63.4,40.1,23.3,0.61,44047,Memphis - 19,Anthony Lopes,→ Champions League via league finish
3,4,Marseille,38,22,11,5,80,47,33,77,2.03,78.1,41.8,36.3,0.96,46616,Florian Thauvin - 22,Steve Mandanda,→ Europa League via league finish
4,5,Rennes,38,16,10,12,50,44,6,58,1.53,49.8,49.3,0.5,0.01,23111,Benjamin Bourigeaud - 10,Tomáš Koubek,→ Europa League via league finish 1
5,6,Bordeaux,38,16,7,15,53,48,5,55,1.45,51.0,43.6,7.5,0.2,26048,Malcom - 12,Benoît Costil,→ Europa League via league finish 2
6,7,Saint-Étienne,38,15,10,13,47,50,-3,55,1.45,51.0,54.1,-3.1,-0.08,27563,"Jonathan Bamba, Rémy Cabella... - 7",Stéphane Ruffier,
7,8,Nice,38,15,9,14,53,52,1,54,1.42,49.2,49.5,-0.3,-0.01,22876,Mario Balotelli - 18,Walter Benítez,
8,9,Nantes,38,14,10,14,36,41,-5,52,1.37,41.8,38.1,3.7,0.1,24559,Emiliano Sala - 12,Ciprian Tătărușanu,
9,10,Montpellier,38,11,18,9,36,33,3,51,1.34,42.6,39.0,3.6,0.1,13458,Giovanni Sio - 10,Benjamin Lecomte,
10,11,Dijon,38,13,9,16,55,73,-18,48,1.26,41.6,63.8,-22.2,-0.58,12228,Júlio Tavares - 12,Baptiste Reynet,
11,12,Guingamp,38,12,11,15,48,59,-11,47,1.24,45.5,49.0,-3.5,-0.09,14502,Jimmy Briand - 11,Karl-Johan Johnsson,
12,13,Amiens,38,12,9,17,37,42,-5,45,1.18,32.8,54.9,-22.1,-0.58,9521,Moussa Konaté - 13,Régis Gurtner,
13,14,Angers,38,9,14,15,42,52,-10,41,1.08,47.6,45.8,1.8,0.05,11065,Karl Toko Ekambi - 17,Ludovic Butelle,
14,15,Strasbourg,38,9,11,18,44,67,-23,38,1.0,45.5,58.4,-12.9,-0.34,24064,Stéphane Bahoken - 7,Bingourou Kamara,
15,16,Caen,38,10,8,20,27,52,-25,38,1.0,42.8,48.0,-5.2,-0.14,17187,Ivan Santini - 11,Rémy Vercoutre,
16,17,Lille,38,10,8,20,41,67,-26,38,1.0,36.4,57.9,-21.5,-0.57,31453,Nicolas Pépé - 13,Mike Maignan,
17,18,Toulouse,38,9,10,19,38,54,-16,37,0.97,45.5,52.1,-6.6,-0.17,16929,Max Gradel - 8,Alban Lafont,→ French 1/2 Relegation/Promotion Playoffs
18,19,Troyes,38,9,6,23,32,59,-27,33,0.87,38.0,52.0,-14.0,-0.37,11723,Adama Niane - 8,Mamadou Samassa,Relegated
19,20,Metz,38,6,8,24,34,76,-42,26,0.68,40.3,71.3,-31.0,-0.81,14844,Nolan Roux - 15,Eiji Kawashima,Relegated
